{"top1": [49.490196228027344, 61.254905700683594, 67.76470947265625, 74.39215850830078, 77.17647552490234, 76.86274719238281], "top5": [72.31372833251953, 85.33333587646484, 89.4117660522461, 93.29412078857422, 94.98039245605469, 94.35294342041016], "auroc_score_intra": [0.7163069230769231, 0.7461753171856979, 0.7963953863898501, 0.8344976547481737, 0.8486173010380623, 0.8485420991926184], "auosc_score_intra": [0.4354306153846154, 0.5273900807381777, 0.6063011918492887, 0.6803510957324107, 0.7089601691657056, 0.7107202614379085], "auosc_norm_score_intra": [0.8625804583688894, 0.8609761241244256, 0.8947153004720407, 0.9145468076529506, 0.9186221704128807, 0.9246615646258503], "k_plus_one_acc_intra": [0.31882352941176473, 0.39019607843137255, 0.4652941176470588, 0.49176470588235294, 0.5325490196078432, 0.5213725490196078], "time": [25331.10227870941]}