{"top1": [44.66666793823242, 60.6274528503418, 69.2549057006836, 73.45098114013672, 78.39215850830078, 76.82353210449219], "top5": [70.19608306884766, 84.66667175292969, 90.50980377197266, 92.23529815673828, 94.66667175292969, 94.35294342041016], "auroc_score_intra": [0.6955008073817763, 0.7576092272203, 0.8001272587466359, 0.8221073433294888, 0.8528092272202998, 0.8402981930026913], "auosc_score_intra": [0.37538093041138026, 0.5319798539023453, 0.623323260284506, 0.6702692810457516, 0.7248030757401, 0.7067497116493657], "auosc_norm_score_intra": [0.8404050680851798, 0.8774570682089136, 0.9000420802522595, 0.9125395977932016, 0.9245862146759654, 0.919965168303156], "k_plus_one_acc_intra": [0.29, 0.38941176470588235, 0.45666666666666667, 0.4774509803921569, 0.5221568627450981, 0.5096078431372549], "time": [25126.688368082047]}