{"top1": [46.90196228027344, 62.431373596191406, 68.66667175292969, 74.94117736816406, 77.05882263183594, 77.80392456054688], "top5": [76.2745132446289, 84.03921508789062, 90.1176528930664, 93.45098114013672, 94.2745132446289, 94.70588684082031], "auroc_score_intra": [0.6708076893502499, 0.7617440984236832, 0.7754185313341022, 0.8355852364475201, 0.839130795847751, 0.8423644752018454], "auosc_score_intra": [0.3803050365244137, 0.5444113033448674, 0.6056305267204922, 0.6849883121876201, 0.7044258362168396, 0.7130818915801614], "auosc_norm_score_intra": [0.8108510394124205, 0.8720155926692286, 0.8819862039618819, 0.9140346394968244, 0.9141403981439904, 0.9165115037950663], "k_plus_one_acc_intra": [0.3037254901960784, 0.4033333333333333, 0.4203921568627451, 0.5068627450980392, 0.49980392156862746, 0.5088235294117647], "time": [24773.268314361572]}