{"top1": [88.0, 85.4000015258789, 82.00000762939453, 83.0, 78.55999755859375, 76.94117736816406], "top5": [99.80000305175781, 98.5, 97.4666748046875, 96.45000457763672, 96.68000030517578, 94.58824157714844], "auroc_score_intra": [0.7889658695652174, 0.7859368292682927, 0.7933254629629631, 0.8377997580645161, 0.848404153846154, 0.8462650519031141], "auosc_score_intra": [0.7428667391304349, 0.7259373170731708, 0.7008153703703703, 0.746120564516129, 0.7211623846153845, 0.7115063437139562], "auosc_norm_score_intra": [0.8441667490118576, 0.8500436968069915, 0.8546528906955736, 0.898940439176059, 0.9179765588281372, 0.9247406607903101], "k_plus_one_acc_intra": [0.1772549019607843, 0.25392156862745097, 0.35490196078431374, 0.4641176470588235, 0.5135294117647059, 0.5123529411764706], "time": [25146.467258691788]}