{"top1": [78.20000457763672, 73.0, 72.13333892822266, 72.8499984741211, 76.95999908447266, 76.66667175292969], "top5": [99.20000457763672, 95.80000305175781, 93.0666732788086, 94.0, 94.23999786376953, 94.58824157714844], "auroc_score_intra": [0.6962776086956521, 0.7455282926829268, 0.756586574074074, 0.7808612096774193, 0.8467106923076924, 0.8426941945405613], "auosc_score_intra": [0.6081052173913044, 0.6253368292682928, 0.6242687037037037, 0.638450887096774, 0.7092039230769229, 0.705569011918493], "auosc_norm_score_intra": [0.7776281552318469, 0.8566257935182092, 0.8654372047648387, 0.8763910598445768, 0.921522769070846, 0.9203074068502081], "k_plus_one_acc_intra": [0.12, 0.21333333333333335, 0.29352941176470587, 0.37686274509803924, 0.5125490196078432, 0.4996078431372549], "time": [22947.75222301483]}