{"top1": [91.4000015258789, 90.70000457763672, 87.26667022705078, 81.95000457763672, 78.63999938964844, 77.05882263183594], "top5": [100.0, 100.0, 99.13333892822266, 97.1500015258789, 95.47999572753906, 94.86274719238281], "auroc_score_intra": [0.8626641304347826, 0.8803651219512194, 0.8456862037037036, 0.8518506451612904, 0.8580449230769231, 0.8473667820069204], "auosc_score_intra": [0.8232989130434782, 0.8258054878048781, 0.7824541666666666, 0.7505601612903225, 0.7312916153846154, 0.7117584006151481], "auosc_norm_score_intra": [0.9007646751022738, 0.9104801409094576, 0.896624331550802, 0.9158757306776357, 0.9299232138664996, 0.9236559397295814], "k_plus_one_acc_intra": [0.252156862745098, 0.41862745098039217, 0.39588235294117646, 0.4892156862745098, 0.5366666666666666, 0.5125490196078432], "time": [25016.84561896324]}